id,uuid
7C4AE909B1FEC401C2257D7B0032D8CA,de2c1c3c-0b13-4e8a-b738-35b0b1b0948d
B861F4D06B8E756DC2257D7B0032D877,9f6b57ff-e740-4f68-b2cd-21c785d183dd
395CB65CCA31C04AC2257D7B0032D8A8,bf335734-e569-4be0-89a9-8a787425d3da
826628A257E80F2DC2257D7B0032D81A,2b3b3f66-747d-472c-9fe8-43aa91f639f3
1E94F41F3FBBF53EC2257D7B0032D857,a85dbea6-5b3b-4160-819b-4aa93de29da6
6E99B81C04E3F10BC2257D7B0032D9A9,c5f3d377-10ea-433f-8734-2a479e3ebcc5
36B43BB0CC9713B6C2257D7B0032D93E,62530363-8f6a-4ee7-8202-46742208ad0f
91D454610E45EB6BC2257D7B0032D8DA,3026c1ec-346c-4eda-be6e-2e0f6de12fad
E43B14CF9E873F62C2257D7B0032D92E,1494d475-67eb-4e58-8e4d-410b2e1f9eb0
4D842DE548E4B7F3C2257D7B0032DA18,4aa774b6-a3f3-4353-9502-4ea222646108
FC57FEED2EA1F709C2257D7B0032D783,c69c40a9-17bb-4aad-a8bc-5fcb4fe57721
4DC72BA1459C6549C2257D7B0032D88B,9978e190-667d-446e-8f61-955231aea30d
4460384B6DEFF1E6C2257D7B0032D7A4,7fac5d1b-71f7-4999-a38f-386015a5fa39
57AA0FD8DE0E2118C2257D7B0032D92C,7e308941-1724-4711-967a-8c1ba9a14067
906BCD79CE5540AFC2257D7B0032DA0E,b2b992cd-1723-4cd6-9279-36ed29ab7aa9
E85E2E1F9A77560DC2257D7B0032D7F7,72022856-a09a-4cbc-99b9-ce5f0a3a4e29
24053F6D9FB3426BC2257D7B0032D9B8,46c3c9c6-fbb1-4a62-9d0f-14cd9d651160
DDDE9D3C4CB2D409C2257D7B0032D86A,cf4bd15a-ca38-4996-8cbd-2623c4e858b2
5295A6D05528C9C8C2257D7B0032D8CB,11d96ee4-4b3f-4b3d-925e-53659ea4d091
EB1927D2674433B6C2257D7B0032D90D,cd3824cd-7261-46e3-b52a-26e0cf1634de
D461D8BB5E7F892FC2257D7B0032D93F,d7afbc61-2627-429f-98eb-f9aa6d24514d
D94C8E4B2CEC03DDC2257D7B0032D818,193b73dc-5602-4853-97f5-77eede033f5a
A7475FE93C949B10C2257D7B0032D9DA,2ff634e9-1137-4a02-933e-1e9a0307dbef
8BAF51CD9309B373C2257D7B0032D9D9,6039b8f0-81ac-4d49-be8b-48d0a9b41fe1
780EFAEE6DB47BEBC2257D7B0032D91B,8d3e72d0-901b-40f9-bc38-6378646b1163
F74997DB74C5482BC2257D7B0032D834,5537ef16-e935-4fb8-a279-2de60c1c315b
6F231253688126C5C2257D7B0032D83C,471fbd57-26ae-4009-ac35-1de5982f1b41
7EDB54456E7F5258C2257D7B0032D9C3,5d0bb4fb-6392-41df-aa47-41aef27656c7
8F8DD1124BD83955C2257D7B0032D86B,132c1f51-08aa-465b-95a2-50f21101a30d
498CF455CA6CCE8CC2257D7B0032D7A3,49894cb6-b7b2-4ca5-8453-c77c0eabeefc
6BA59A8E8D1C33C0C2257D7B0032D938,99a62500-15bb-4671-a9a1-386d1787c57d
5EE6E6F8516F0B1EC2257D7B0032D868,abf11123-1557-4014-b759-fb29096b2844
5D51A02241EAFA9CC2257D7B0032D9BB,3d052941-f038-4d6c-94a2-7d032a0338c5
50346B44759174A5C2257D7B0032D91C,d36b8bb1-e0a7-47bd-87ee-066956f9d6f7
91F1046592FDA834C2257D7B0032D7E4,37d36525-3d4d-4fcb-908e-7ea684e7acc6
0F66CC797D04BF5DC2257D7B0032D7F5,702b5a2d-f0b5-411a-a98d-ace34f156d4c
E82D1323AF7B6A79C2257D7B0032D7FF,c608af1a-96d9-4dbc-a2f3-3eaefa556428
49FBB0ADF3F0B9BBC2257D7B0032D9DC,22a23916-a651-43b1-be4d-5592290c771b
07F220D580B4B6A8C2257D7B0032D900,e90ecc39-a7c4-416b-8b07-6c483e645753
72C3E05FFA1051E1C2257D7B0032D9E1,adf65135-8614-4a71-9147-18b10f57d168
FCC1B9901AD67323C2257D7B0032D8DC,bbc9f68a-bcb7-49c3-91b1-a2947e67fd47
04CFBA7C2217F6D3C2257D7B0032DA1E,3e7f9d4a-4d05-42d9-aaeb-81b192a6eccf
63F562CEECD6A15EC2257D7B0032D8AE,dee4e198-76cc-454b-940e-47a86daeea17
6A82B5B39C36C229C2257D7B0032D96E,4b7ec1e2-1431-48ae-aa86-2db437c36c6a
DE24ADB6BE8E2986C2257D7B0032D895,d0203daf-66e9-4546-95b4-eb0f9a281170
AD5F3B6DB7B7D403C2257D7B0032D9F6,42b73f7c-2d3d-46ff-8853-60d3645d73d2
13FA8079F305C84AC2257D7B0032D88C,a735aae6-a7f6-4a73-a95c-1dbeba23e775
C83C1CA3B01B2CE0C2257D7B0032D9B9,26d2267d-9040-49f8-85b1-b194feff3394
00AFCD693BFADCB8C2257D7B0032D8BD,31557dcf-ca85-4029-94c7-6a5b29936c71
5399032058DD8EF1C2257D7B0032D8CC,aecb3eef-73bd-4cd3-9f06-b8186d00b833
512766ACADE756C8C2257D7B0032D8FE,002e7b02-77f2-425f-b9f6-df033848a67e
3760E326BDD2D921C2257D7B0032D7D3,59c25c96-e9f0-47a2-9791-ea9854926b5c
CA214F92E9E51615C2257D7B0032D869,ec2680c6-b16b-4185-b4fa-22b2c75aca91
89BC541886451F6FC2257D7B0032D999,06bb4703-0d37-4f8c-bee3-80a565e2ec50
A3F655496C73E40CC2257D7B0032D94F,d164fe11-07d1-478b-a57f-9e1703dbbf17
5AE8EB7CD52C0256C2257D7B0032D902,2839c146-f3fe-4a92-9f0c-80b48481579c
DFD3786E9ED7B6A0C2257D7B0032D7F8,a3319603-3e4f-4df9-81a6-7818dee95a07
31D2A50601CB5C40C2257D7B0032D9DB,7ccf733d-0417-44ed-9a83-9820d5bbf1f5
E32C89D20D68D51CC2257D7B0032D9DD,249ecb3c-27d4-4f06-ad15-4f2dd41e3b22
46B12B86654CE55BC2257D7B0032D83B,05f145d6-e719-48b0-a664-77c1dec84dfe
C2B9F10C5797C181C2257D7B0032D800,1c759f4c-df8c-40d2-b666-84edf061d6f1
3C3DDE85AB52B94CC2257D7B0032D847,443551df-02fc-4eee-be92-1c3e572ec748
E08B38664FA60ACCC2257D7B0032DA08,0be9dfa7-abbc-45d0-a519-73b7a7d6f24d
336908F2A605F391C2257D7B0032D803,6e8e2248-80d8-4388-884b-72be6c85ddaa
E12070D901F80E3BC2257D7B0032D971,2dcc5b24-48c2-4358-892a-dc6d76f726cb
A7010440C26A1872C2257D7B0032D7FC,922a2aa2-8bbe-4df2-9599-bfce57e11d25
703A6CA2CB0B9790C2257D7B0032D949,2a10b16d-254e-456c-83ef-62b95c81c013
DFB78E8CB2A43209C2257D7B0032D904,1ed3e7c5-c932-41e0-a14d-aa75a639c080
43F9D0E660EECBD0C2257D7B0032D897,f0a17403-4740-4fc8-aa65-3855e94dceb9
D42AE59C19F62F38C2257D7B0032D836,27ce3765-48a3-4e4f-8363-8fc0f5339526
0AC4F923C652D2ADC2257D7B0032D9BA,ecde6be1-0ff3-47d5-ab3c-b286376dad5b
3027CB184B490DB0C2257D7B0032D7F9,41fbff87-18da-4762-9621-451b3f32ae8a
78D7C70024B49C63C2257D7B0032D838,3d87f9b8-142d-459b-8896-febe9a7294f6
1A6B13C5EC34802EC2257D7B0032D7A8,ffcabc11-2dc9-4df3-9e59-54e1a3aadcaf
036FCBE277D5FA94C2257D7B0032D8DB,cac2e2d3-b3c1-4f66-ba97-41028f031e01
A9D04B2E2B9161E6C2257D7B0032D8FF,6c127c26-0f43-48f5-871e-feb6c5e8fd46
395ACA521F7CCA51C2257D7B0032D94C,96ac752f-223b-4a16-886a-a78dce8ef33d
AC22C665258A18E8C2257D7B0032D892,1f637957-49f1-4548-b57d-2cfaefcbbc18
6D90BB8BF125E16BC2257D7B0032D874,1b8360cb-d852-4cea-82d7-1bf2109c4c91
7E0170F749FCD950C2257D7B0032D801,a0fc445c-eaef-4c31-8e2f-ae524a3f8102
81B575C446627A4CC2257D7B0032D94D,e99f1cf1-cfac-4fd0-be5f-e0eff448be7d
560D085B7FF8054CC2257D7B0032D88E,231d4d25-53b1-4481-94ed-6650f9abe7d0
624A90F85251E8B0C2257D7B0032D781,6ef55cf4-5cab-4314-b9d0-8837a41a9365
E961B0E9009A6875C2257D7B0032D989,34340b54-2758-4d86-8fae-f8d6ddfe50d9
6CE92A3B970461E5C2257D7B0032DA07,79768095-bf43-4bba-b6d8-dc4c3e4aaf6d
AAD72EAF59DBBECFC2257D7B0032D8BA,f155ca35-5d77-4b21-8058-131b84efb89c
A8BFF98F41C3E6E8C2257D7B0032D84B,f97ba27c-bec6-4153-8a0b-2e8089688214
A8E9C82F4F5E51E0C2257D7B0032D91D,3f26831c-b04f-42d9-83c8-373b77639d16
330FF9A3C41224C0C2257D7B0032D835,e8bec263-2a6d-42a0-9380-345dba897a39
FECD9E856A630468C2257D7B0032D899,367053fd-089f-4ce1-ae44-9ffa706ab43f
12B6D57F344C49B7C2257D7B0032D7F4,d4e51294-d225-4283-8887-9027ca910913
90C03CD8C1A9A42CC2257D7B0032D8BC,e01a6843-32b9-4546-ae0d-4e9afee9356d
2A456B811618FE4EC2257D7B0032D930,12dbc31a-8cb0-47b0-ad6c-89e127e1e8fd
00D558703F29FD2AC2257D7B0032D7C1,e59ee630-9a92-4b5a-918c-88bfca0b642f
B2B1BE6C4CD78613C2257D7B0032D86D,32c9ad02-dee1-49ae-9db6-fd8981d240a5
C1A80081649D2240C2257D7B0032D943,71b83af9-2d68-4bf8-b54c-33b3928f3b64
CA39BEEED5C2CFD7C2257D7B0032D8A9,714afc1b-5393-4948-8b52-bcbeebcb7c67
B586CD83B486AEDEC2257D7B0032D817,46cc7fbb-10f9-4ad7-9ad5-462a22f377af
533304A24608EF73C2257D7B0032D804,5a55ec53-17b3-40f0-97ee-cba86ad0b0a3
8A278946BB512782C2257D7B0032D806,1b6d6481-6aaa-4cc6-81e9-a2c5b8ea5763
14FFBCF326EC49E2C2257D7B0032D83A,56e7a5a7-628b-46b2-8ad9-7ba360e8b7a7
A64FE9DB7786C8E0C2257D7B0032D8A7,8a22a30e-cef4-40fb-84d1-70b004b31ad3
5FCF77E8B8E7F97BC2257D7B0032D8DD,aef605a7-592e-4327-8ae8-c8d06b7921a7
C03A0DF2F6E1B309C2257D7B0032D88A,5a2e59f6-1932-46f4-9e3e-c3b224dad54c
F80ED3F75A1E8449C2257D7B0032D86C,28ac1dec-a13a-4396-b10c-dad590201c01
F6306CD0428260D1C2257D7B0032D867,071665d5-28c4-47f1-a357-e44fa5081e72
C89F936ACCFEBD25C2257D7B0032D9B7,f9aab5e8-603a-4565-9667-db4079dcd152
6DDAA73A49EDAD2BC2257D7B0032D8B9,86a79ff3-0565-4724-87fd-fa243a4a3488
8E777D689663CC4AC2257D7B0032D9B6,c843782a-aaf9-406b-926c-8578d0bd4ab8
E0F69B82408003AEC2257D7B0032D93D,eaab5bb6-511f-4be5-b76a-7bc10f3182ba
8559D54CB10A8E4BC2257D7B0032D8FD,b55d7bb8-000d-4c30-8b67-fb9e8494f61a
F5C5DBE8B9E0EDF5C2257D7B0032D92D,08d4344c-bfff-4fc5-a12c-2c614c6a5df1
8310EF4873FF1224C2257D7B0032D92F,22722b1b-0836-4e91-965c-d341d116df6b
406F390A55A7EE1CC2257D7B0032D9C2,beb95fe1-a4eb-436d-858e-d503f01dda03
7822909AAC578264C2257D7B0032D8BB,b02aa916-9ea8-43ed-8536-a0004298b9ba
790D336A9F8B3DA5C2257D7B0032D802,4320ebd1-7859-4735-a041-1a17dfc736b4
1B0C8EFDF45CE28CC2257D7B0032D9DF,dc3e2816-74e2-4186-be77-2add43c60253
A80722D1537D0620C2257D7B0032D91A,e8777080-1cd8-4ce2-8e32-f3826862579f
C26D8F43B162883FC2257D7B0032D78F,cbc10245-c75e-48cc-8e96-3f5bc7aa8e7e
4451AA09CE1C705AC22579100046C550,789f1b5d-ec8f-4635-95e3-2f7d177d8936
4BD7B8A721DAEB7BC22579100046C549,af9afb66-fcca-4cbc-9a58-b608b2aaa357
95BD519BB37AC727C22579100046C608,365e211a-b56d-4aba-bd5c-a488cbbfb3fc
7787817416BEED15C22579100046C4A8,035f59da-c1ae-479c-bd47-4b2089616b45
04ACCBEA603E2B83C22579100046C4EF,edc514e3-d35c-487c-8fcc-9c1659afd08d
AC6F5D0FAE51F5AEC22579100046C63D,94844374-4588-4c9f-a2ac-28c7942d2236
4BF56187CA14A635C22579100046C542,0a3953fd-5462-4a9d-8fbc-813073453f48
18ED2A28B6F4C44AC22579100046C62C,aa4a5c0a-3292-4f9f-ae5a-43136b184fd5
55EAA939E4FEE08BC22579100046C5E1,b0427896-4929-465a-b2ae-abf082a3be41
19C388ADE5272A21C22579100046C502,880a21af-2ce1-4916-bc44-25aff606d281
6BB2F54C13B6B774C22579100046C56C,d431baf7-c136-412f-a8d4-c0c92710dab9
B8895B59678DE2E2C22579100046C51D,0a66390f-17de-4d67-a4c0-e49a86a9df67
327974E8CB864C40C22579100046C4DA,265176c9-d3e6-4503-8e11-820bf73e9493
B43CBBA997911B38C22579100046C4B0,36f5934a-faef-4950-9aae-311fd2f93fc5
2E36D12A62C46070C22579100046C4D1,d8682734-0c96-4bed-a122-1e65af25e061
C0EE3B6F1DF37F62C22579100046C671,be573e8b-4621-4877-aaaa-ced5bc815c16
055F9D680BEC65E8C22579100046C561,74f67383-1294-42b3-aa60-d966673b6d35
D472BF93A1272030C22579100046C50F,7ba298e1-2ec5-4413-8049-26031e49434b
F5C2EF60EEAA1939C22579100046C520,3fab3653-afe7-4599-a029-e459038add5c
9820993E36A7BD71C22579100046C576,7f52619c-9db9-494b-a5a7-c21081aff627
CCA469B6678E7EEEC22579100046C617,ac53c23d-92dd-4fc1-bc47-48141f632899
C0F7A2C364AE17F8C22579100046C679,7aed727a-2d98-4e76-9536-452486000994
F891F3F335B9C7D8C22579100046C4EB,d559145e-a4d5-4eb3-b41a-203422d4c4d3
B39C0561341D6C76C22579100046C484,be1acc36-0b2a-4c06-919b-50ef84b99c6f
6E2F27643078A2ECC22579100046C51A,4a5449d9-8490-4966-ba4f-e7de511dff80
8B4BA7FF87AE1616C22579100046C661,a6474769-68b7-406f-928a-ff98b54424b2
00B06133FB332FCBC22579100046C514,25f9e166-1935-459c-9dcf-904cad399cf2
48258145097ED2F2C22579100046C610,7a871e9b-32fc-4396-b368-e380072bdeae
454CB729EE59C6B1C22579100046C676,e45b6683-b8a0-4fae-84a3-22d0acd66b5f
31744F4C5D3D5CD9C22579100046C577,325604bc-b26f-483f-b622-855adfa49c71
8489A9407D047221C22579100046C546,13423c99-0807-4ac5-8235-2b8904bb7048
11C8BC12E27D621EC22579100046C553,3a97b5e1-12d1-4383-936c-185d3a104caf
08F2125B2E16597BC22579100046C491,ee42c19c-861c-4631-b374-a2f93d5e3f87
E12ECD5C2E5E1187C22579100046C4FC,e4d2bf46-41fa-4f0f-89e6-426af5c2b064
E008548F039DD905C22579100046C66C,1bafd601-f700-4d8d-9bb7-d2c950c67ba9
064602D8F86240B4C22579100046C58E,493b5376-45fe-4a08-b2fb-dc73f66bf5a0
EA86B49E6E1D2BBFC22579100046C4B2,2e9c027c-83e1-49bb-a899-d15f870d0db3
8EFC10D781B60C52C22579100046C477,4de8896d-5a75-4f78-b6aa-b77a2196639c
8BDC2C87E5D35441C22579100046C4D9,d62a2429-a9f2-4de7-9201-d8ca4543fdff
A8775377BF265975C22579100046C66A,f2df05ae-780a-4a01-911e-049a6a936adc
03932C1F476AD670C22579100046C478,0d49e7f3-6110-4df9-a689-9580572431b6
ED69A6069E371722C22579100046C698,46cd4a0a-2365-4a83-83a7-af670309ae7f
696539C66F5B9EC7C22579100046C47A,8125bd27-02a1-4e11-884a-674f3faa814e
C530E3F9AEB20CB0C22579100046C635,1fa8d9a8-253e-4c99-855c-f37110b5ad2b
CACAE97AF537C3C0C22579100046C5CE,61e82869-eef4-420a-b3d2-bb8eb449316e
3B8AF2C5870391BDC22579100046C656,fdb24ead-bc5b-4b8f-8916-5710602b05f6
26FF89F45FC5CACFC22579100046C475,a424fbc6-b38a-4a1f-8e12-85b90cc899dd
6F8DEB1838EC4314C22579100046C505,9349708d-b3b6-48ce-a088-32c7f0b0f144
A40A0147B7BBFF76C22579100046C46B,64a00ee4-31c0-4329-8b36-9330d7ef0ed0
7A172DCF2C627576C22579100046C639,daeea188-4ded-47e2-baeb-34eb46052115
CFB459DB03883868C22579100046C5F8,7640ec70-0ce6-4f68-8848-af429b39cc2d
34F76E9F8584629FC22579100046C547,e5d28053-366d-4a13-8e56-9440fedbe176
2EE3A2BD14470E2EC22579100046C668,ece36be7-16ac-4bc4-8351-8454a0a48776
3BDDA5B97FFF4A8FC22579100046C5DE,6e534f26-97ba-45cc-8dc6-07826d9f9431
A5760116335CDDFCC22579100046C57F,c05bf8e4-c145-490e-8999-e03e302ecc3f
A4EF54EFFD9FC857C22579100046C4FF,c2eb6017-0b24-4581-a6d4-15e2d6545db7
09331DF2EF510990C22579100046C5E6,8f81c7af-824f-49a1-8c55-7576bacb33f0
45FF68D9C3744342C22579100046C4C6,220b8a6b-4c9e-496d-b0b8-ca6cb9888428
0FC1BB3FB4DB69BBC22579100046C50B,03160596-4271-40f5-87fa-9a131489f76b
5C125444E058168DC22579100046C47B,c01fcf44-d7c0-44bf-bc39-a6bbb6014178
E6DC94373D0710C3C22579100046C571,2b2defc4-9437-4bba-b3f4-5b3d6b3c9690
137F285979131617C22579100046C658,8cf0f28d-21a1-4cf0-aa9b-89756ca75713
00BB6D59FF3A129AC22579100046C4A6,031c995e-3779-4cf3-8eaa-7040f1ec51f7
4A16D74E96497E01C22579100046C4A3,a1ee20c4-a01f-4641-81e7-df0b3774881a
9E024E1B7F91C49BC22579100046C601,635308bd-6095-4b3c-bfdc-03d9696ca96d
6651AF2AF6C4E26CC22579100046C4BF,da9f5c95-cd78-4ed8-b36f-23b008038cc6
689D54AD8FB0628AC22579100046C670,c9cf9031-e106-4411-b65f-b53619705e62
BCF71DEBA02796FDC22579100046C634,ff4b0116-bcda-4279-b4c1-ea07e9979027
56448939FE69B2F0C22579100046C4E7,87033946-973e-4c30-9f49-744b6196ac9d
C95CDB8359A63D0AC22579100046C5A2,6c08f0de-5980-4800-96d5-096b9b9d31ab
7EE967D3DFB4EA3DC22579100046C504,c9513064-01b7-40f4-8f98-d3347e5e30d2
CA44493DFD74D898C22579100046C4C3,514a2176-ffc0-4752-bf5a-008047e11f50
C2E4D8A65279B7F3C22579100046C665,3d95ba00-bee4-45ab-a35f-cb323f97780c
F39B08791EB0D896C22579100046C492,b1dec05d-6849-4ab4-8615-52a4d885004d
EB35A43241C343C5C22579100046C6A6,ffd956ff-dda4-492e-8a29-cf107d3ecee0
14FC854E12E77D32C22579100046C637,33fa3927-305f-497b-9691-93761cf07119
64200919B8A307CCC22579100046C626,568c66df-7916-441b-b52b-5706e7d50e60
E5E25B262F840439C22579100046C49D,7767de59-cd51-4c5e-be03-e2b8e6e6374e
75E5740AD21A624AC22579100046C49B,6466e201-fd65-4316-bef1-b2660d75b9fb
11A006420FC9A64EC22579100046C49E,10bf2ff4-1a7c-4093-8898-aebaf0020098
FB3D0EAB6DF6BB25C22579100046C470,f0745b0a-f7f4-4ba0-a02d-cb61f41e9ce1
4680B802244E3FB8C22579100046C58B,34498c9b-536b-4dfb-b0f2-4d0b51070e6f
6E1236964249CFAAC22579100046C4CD,67b74efd-e909-4bfd-b0ec-08236e584c25
ECC837F445C5A0F1C22579100046C60A,2c511946-2a2c-413f-9a04-0320ec55cd2b
06DBCB4E52037635C22579100046C521,200b2078-e149-448f-83df-1fe526d07970
30B507F84B4B6D5EC22579100046C509,4348ba78-7098-48b9-ad17-f3cd0d7d643d
3FE195A6A5325FBAC22579100046C5F6,282146ff-029d-40c6-bfbe-c9b3d422f37b
78064ED77149DF3CC22579100046C501,b94133e1-028d-4dad-b288-9c52b9a07258
B9738FAD87E41400C22579100046C472,ae6d920e-71fc-439d-8a49-1338970fcf15
B214089FA7B3F3E2C22579100046C643,e1f93c47-436e-46eb-bbbb-213d7de82142
3603076E0816B1C6C22579100046C67A,0c32d1d9-d88c-4b17-acb6-cc1b527320e4
E31FECEBAA14B511C22579100046C493,ec06c2d4-9cf0-4e94-b594-117f38f9d8b2
54574C3E77790C74C22579100046C5CB,b8f51f2b-aa06-4b50-adaa-0659ba908d66
F22E1C2E0F5B6DBBC22579100046C51C,0ea28477-f7de-4c1b-aa78-3ccb3b72d839
289A7350C473EA37C22579100046C56E,1afc045e-e155-492d-a8ec-06b648a44c99
FA82DF27C719A5D8C22579100046C677,e0aa674e-f43b-4459-b6ca-fa3efc8c2c07
7365304112291F4EC22579100046C69F,3296c547-58f5-4e8d-ab9b-ad0d7abbdb98
BBA6E2D5F0E88082C22579100046C5C3,0115f99d-441c-4d2b-a578-63151b36e0cc
64C881784152012FC22579100046C653,d27e1757-b0ee-4669-85f2-d7738ffccede
163BE9AE20924B30C22579100046C4D2,a547e490-22b6-4806-bab2-29034a51b6dd
8C6C5CBFE7920972C22579100046C4B1,60202ec6-af67-4b85-a419-feac74790ac4
0A25A7EAC1A64EC2C22579100046C568,6927c08e-1be1-4cb2-bc4f-fdc1b3364018
F02EA4CB9E238F70C22579100046C515,3192c716-37f1-4b03-bf91-1518c590d6e0
2C2011FB9151B93FC22579100046C5B6,7fa2503e-4093-4f73-90c3-c085dc61cb50
669299D90FDB536CC22579100046C4A9,315f003d-0543-49e6-8da0-38dead237993
6D48D0A38F9AA566C22579100046C695,9687070d-f821-49b6-8914-b2f2381ae14e
BEAB41758E51C624C22579100046C641,dc34eb2b-8734-4838-af70-9e67ec8f9f20
DB6B94F6AF940E73C22579100046C485,79c8ed0d-416f-4040-84e0-f6c6085844de
2801CD4B65B9F561C22579100046C47E,150b7588-4047-4045-b0f9-a987931c639a
7803EE72CA3AF73BC22579100046C4E1,1321d75c-ba67-423c-b7e4-c581583f367e
5EAF904A87670106C22577BC0021B92A,2cd1af44-a841-48f2-9b76-3cad498464cb
D142D7E871EFC501C22577BC0021B9AA,2cb25565-4382-4c85-95ab-9da70f2ffbb5
971C12A944112D96C22577BC0021B92D,bd8d4c66-4a47-471b-8a05-74f61d9e5320
94ECB6E8FEF1A596C22577BC0021BA0B,fadb04ca-ac97-479a-8ee3-539b1171e933
9E50E4EA16516A64C22577BC0021BAC2,03bea891-df87-4149-9c3d-e333c4640444
0A9FB7CA8A9D3320C22577BC0021B94C,62ad9b98-b856-4ee3-b557-e409b6dd0a69
406F80AAC014C68DC22577BC0021BA63,8aec4a30-eecf-4d42-a64e-2ef5dc2f7f85
0D1F3522C80DB9BCC22577BC0021BA53,66e419d6-6ea7-4d4b-9b9b-e335e7e0cd08
FB5A51CD56D2BCFFC22577BC0021B8D1,375b06fc-b650-4b88-867f-899f75d842fb
66DC8C2ACB454021C22577BC0021BAD3,a8544058-d6a1-4f07-841b-d45c75802734
8F4EDD948014C3D7C22577BC0021B9B0,6318129a-f186-481c-bffd-6d944c8fc70b
C5AE36D27693CFFFC22577BC0021B8EF,a1cd8872-8183-497f-97e7-b216ddd9cefe
4B35567E55EDC35BC22577BC0021BA18,94e28ebc-6201-4758-9708-f6dad2c7fb39
43C15DBADEBDC5F0C22577BC0021B9F5,8b7f10e0-f000-4a86-8bd7-a8558bb6ff0f
81C941CA3543EB64C22577BC0021B929,55a20ade-271c-4e12-abb8-2a3856b476be
7BD4A552A82465B7C22577BC0021B8E1,e82bbcee-d0bd-49ff-9a08-a5ab9b3ade8f
48AF52B2BE494593C22577BC0021B9AF,d11a5fc7-eb90-4b10-83b7-fcf60060a063
975C7A37652C6F11C22577BC0021B99E,e78a561b-fd82-4f7c-8a80-e195532c5ffe
1A17EB19514AFE82C22577BC0021BA97,d8ce4b95-0150-4e87-a0c3-f7f64290b6cf
637B2CF128792D41C22577BC0021B8F6,bca5f633-c486-4aaa-bbae-4eb414897a63
8DD6F35E1A2615A3C22577BC0021B92C,acdfcddf-149c-4d52-a618-cdfc6047530d
348A5FB55F9395D7C22577BC0021B8C6,89853c55-1730-4780-816d-bbbf7aacb050
C6F6CA0AA938BE20C22577BC0021BA64,05ee6cec-b673-4427-a4b9-1ac3a3670c07
4AB2392084453E9AC22577BC0021BA37,7ad0b3b4-e919-4967-ae3a-cd1d31944d20
9475B73A989E75BFC22577BC0021B963,c3618689-2eb7-434e-8d2d-a8cfa6e1411e
D5A81F008940F44AC22577BC0021B988,b42cc374-e9cb-4f84-b693-1266578e6ae4
3137940351F6FFBEC22577BC0021B980,6e604230-ea5c-4e8a-b75d-724a759a2f84
F9957F783E22DA4FC22577BC0021BA6E,e75ca4dd-0c63-45a7-9412-bae8e22dac37
1F15CB4DDE3B1065C22577BC0021B960,bfcbfe10-ad06-43d7-b3de-54e41a0370db
193388331B748957C22577BC0021B91B,17ddfa80-14f4-4b6f-8c28-96867f9fb9b4
6CE5BE0C2B1842FAC22577BC0021BA60,78521533-d349-4811-a20e-ccbd62cdf97c
3EE1F83D53A77915C22577BC0021BA08,a9059a10-cd97-437c-a87a-56732a038523
DE20E6C14F383897C22577BC0021B92F,91dbf045-4565-4f13-bac0-9e9e3bf3d0cb
01669955861D9F96C22577BC0021B8C5,d4b01943-4fa0-417a-b733-6aa2e4bca46d
5977EA145C9D842EC22577BC0021B94A,0c4d75d7-4242-4f1a-b55b-6ca4dfec12b5
2E40ECBFF6EF003BC22577BC0021BA1F,370457c9-3d19-46b8-8963-4b3b22c881d8
AA81BD7D21C97AEBC22577BC0021BA7D,63dc6e71-ff67-49f5-b84f-b032c15fe2f3
D540CB9C50917E25C22577BC0021B8F0,1072b314-45fb-450b-8d2d-7aca15e33e99
3F2C85D1C75A65C8C22577BC0021B8DF,2bb49584-c7bb-4626-932e-214de43024f9
D1C522055126C8CCC22577BC0021B9CD,63726d11-d7e8-4974-abc4-4ee35d5262e0
6DEDEBA49711FADEC22577BC0021B8CF,46fb7408-88ca-47b1-bd83-53047ea00846
A03B8ABCB48F71D4C22577BC0021BA35,2e4a183c-bd59-47a8-9fc8-ee5427cd7a15
1CDF848113FE5417C22577BC0021BA0E,45d3032f-b073-4d12-8cfa-37c81da96b67
3A56800FE7C45BD4C22577BC0021B993,d2573be7-2c1e-4df7-9ff8-661f07b6f95e
499A8567CB19740BC22577BC0021BAEF,2bd121d6-bb07-475f-9778-4a14b067a787
AC3FB33BCF7F5CACC22577BC0021B944,024d72ec-53b2-456b-808c-441e0407e00b
34570A4F51F34FD2C22577BC0021BA26,d0fd2b12-5b01-4617-9f7c-068e205c56e8
D3BDEF0FB8043AB7C22577BC0021BA33,80d500ee-d7b4-4260-980a-d45da01c4fea
62149A384E0FF6E3C22577BC0021B9F8,92a56ee7-b4d3-417b-ab52-583822e3f261
74DF80D97A5D9B5CC22577BC0021B8ED,739b8328-97f9-4ff0-967b-8de98f4cfc73
EE4505F6CC2E8C26C22577BC0021B9A9,339d308e-1d78-4f01-9e72-658d918b1e29
989E9D942087F3A4C22577BC0021B9B4,37bd69ce-b8de-4201-989f-eb24e80ec289
1D0A39FD32FBD24DC22577BC0021BA7A,1375aa05-e642-4258-85ff-d84d02e6ccbf
E1DC9254239A2C45C22577BC0021BACD,65c405a8-b034-42e5-9c50-cf829783b02e
6AB5BCFA9055675DC22577BC0021B9A2,e3d1e71f-eb3b-4c96-b450-121babef3689
2B24C19BAFAC1E52C22577BC0021B8C3,26663874-4063-4e17-918b-10215406b192
9611E6D7E456D819C22577BC0021B975,08695a47-5867-4f1a-b939-a087c879fe08
02A081C6082FAA65C22577BC0021B8F8,6133a509-b206-48dd-89b7-59a92876f075
1C77BFAB3815A192C22577BC0021BA27,a09528a0-5cd8-4e29-aaf5-50363892b065
1F6EEA334CAA798BC22577BC0021BABB,9640f627-d53d-44c0-95ec-d6454443df1a
565A1126D549E91CC22577BC0021B8D6,c464eda1-0055-4077-8f6a-e7fcdaf27791
E274F591C9FD6EFCC22577BC0021B9DA,952d52bb-bdc8-4dc9-86c2-d925f9a34939
93A44CC49329A1E2C22577BC0021B99D,392cce2a-c145-4350-baa9-7ed204660ae3
B9B76711C69460FCC22577BC0021BA20,0ed9f8ec-737c-4d48-9788-97a8a73d64b4
5BC1A2849D06FEF3C22577BC0021BA3A,cdba0f1e-235b-45ae-82b9-896ec2330601
A7DD7927E93428D8C22577BC0021B8D0,37e579d1-47d0-4c48-b316-8eacd6bb9a4a
D0648C4B479D80F3C22577BC0021BAF7,7362812d-ab84-4bd7-bf9e-7d26bf00a17a
97E6493148E15EDCC22577BC0021B8D5,017d1bdc-1e7f-4c39-892c-1ea684cb9e79
7D46D9CB3DFB29EFC22577BC0021BA05,8f2f2506-b4a9-4c9c-9d04-13cf77a1c032
6B4C1DD04BC81EDCC22577BC0021B928,954e11b1-90b8-4dc2-b018-4630fa5d78a2
D0A1DEA10B83F432C22577BC0021BA13,2d07f113-ccf9-4790-8570-3111b4cfa127
A8F73F20CCAAE164C22577BC0021BA0F,c0356f7e-955e-4c54-8904-c38417e74a2f
50D451F179E6B724C22577BC0021BAE4,3eba64e6-7e58-4890-aa95-534964e68e60
2C20525EE355AE53C22577BC0021BA5C,d90bc647-24d0-4306-81b9-e3098758fa0b
EFD28FDF15CD1000C22577BC0021BAEA,8110ebdb-e274-4101-8c54-07c4348bb94b
76A503514F8B7F37C22577BC0021B9B6,d68b649b-c6a8-44c1-a60d-4d6c4bd970ab
C3EB8E7FAD476FDBC22577BC0021BA21,760c92a1-fea7-4ffe-82e0-105b8295c237
2B968221DE1A7387C22577BC0021BA0C,dd7223ca-4a81-4af0-b42e-7a3679feca19
9606DA685E72A667C22577BC0021B9AC,eb21cd0c-d2fe-4a73-8011-6d0a79a129f8
88C5B24BA519049BC22577BC0021BA39,3493d218-cb8b-4e3c-8e60-f0f3a89dd124
80DE7FF442662904C22577BC0021B93F,501c82cc-57a5-49dd-bed5-3c06b6373fbb
7292F6976A556E76C22577BC0021BAC0,e0845384-7891-4eb1-b0c2-10f60f705c90
3DAB7B97C644498BC22577BC0021B8EC,2b348afe-dcd4-46ba-93f9-cc853a3fb967
A643509FFAA84436C22577BC0021B987,7c36f9e7-8864-4af4-a511-5475bd32845a
D491C7B4E249C35BC22577BC0021BA3D,67e7d341-b97a-4dbb-aa55-e3f4efd44b0a
6BE8F932CB265C68C22577BC0021BA5D,e342cbe1-9c6f-4c6d-8ade-37c93f83b610
92C87ECD8C10AED0C22577BC0021B996,4a45e483-a9fc-42c3-a914-6e84f4e4de81
BA724B661E9CFA95C22577BC0021BA91,f24a7992-b09d-49af-9e62-761dc478eef2
AE10FAE4B375722DC22577BC0021B8C4,bf82124f-badf-43ea-9b84-c69170b7a6da
3EF48E1B9C3FEE03C22577BC0021BAB4,30d08485-c147-4fc3-ac27-7cac9c779cd9
D20F738D87E35ED6C22577BC0021BA00,4655e65f-5303-4440-bdd8-5fb8ffd5049e
ED0819A158606CE9C22577BC0021B9CB,7a3e1dc5-b88c-47f6-b439-8eab9406c47a
8C6D96BDD9A91B55C22577BC0021BA2E,da7d8c28-570b-407d-a4d5-b5bbbf69f0f9
FFF71F139544A9BDC22577BC0021BA1D,0d5d82eb-06ef-46d7-91ce-5a195ae1882a
C5E51BE9CC1E003CC22577BC0021B994,2eab6534-3dad-42a8-8dce-08ff19a2a62d
EDB0CA3EAE208D56C22577BC0021B951,05e97897-b4da-4704-bd3e-e1c52f1ec0e2
DBA66C373B0D34F1C22577BC0021BA28,dcf11cae-8155-4aa2-b1d8-c876f26e1897
3929DB1467887B5DC22577BC0021BAB6,089e6e53-2044-444d-8f43-987c7775cf34
185F26CB957C0274C22577BC0021BAB7,97777c76-79cb-4cb4-9280-9d8a7b37c266
7C779871885571BEC22577BC0021BA25,e6598caf-826f-4ba5-8745-0dd93d09b356
A0714AFBE04B2548C22577BC0021B8F2,5818fff5-215f-4d33-9653-58833363890e
BC33A6ED934F765DC22577BC0021B9C0,8be5a0ef-887c-4068-b129-6b2629421a83
6C7328959D1A2160C22577BC0021BAC3,37ade82c-caa1-4ffd-9880-1ccd71c86f6d
3BB4ED86A56B8FA7C22577BC0021BA0D,1cd20d4e-c94d-4f69-b058-e07521438f2c
E2098543A55A433AC22577BC0021B9A0,6fa06063-7e4e-4e4a-9575-6163392020fa
44D939148DDD9D5BC22577BC0021BAB9,742f5f3d-d784-4111-b495-60b8321380a6
